question,sql
"Schema: users(id, email, country, created_at, is_active). Question: How many active users do we have?","SELECT COUNT(*) FROM users WHERE is_active = TRUE;"
"Schema: users(id, email, country, created_at, is_active). Question: How many users signed up last month?","SELECT COUNT(*) FROM users WHERE created_at >= date_trunc('month', CURRENT_DATE - INTERVAL '1 month') AND created_at < date_trunc('month', CURRENT_DATE);"
"Schema: users(id, email, country, created_at, is_active). Question: List all users from Germany.","SELECT id, email FROM users WHERE country = 'DE';"
"Schema: orders(id, user_id, amount_cents, currency, placed_at, status). Question: What's the total revenue in USD for the last 30 days?","SELECT SUM(amount_cents) / 100.0 AS revenue_usd FROM orders WHERE currency = 'USD' AND placed_at >= CURRENT_DATE - INTERVAL '30 days' AND status = 'completed';"
"Schema: orders(id, user_id, amount_cents, currency, placed_at, status). Question: Show me the 10 largest orders this year.","SELECT id, user_id, amount_cents / 100.0 AS amount, currency, placed_at FROM orders WHERE placed_at >= date_trunc('year', CURRENT_DATE) ORDER BY amount_cents DESC LIMIT 10;"
"Schema: orders(id, user_id, amount_cents, currency, placed_at, status). Question: How many orders are stuck in 'pending' for more than 48 hours?","SELECT COUNT(*) FROM orders WHERE status = 'pending' AND placed_at < CURRENT_TIMESTAMP - INTERVAL '48 hours';"
"Schema: users(id, email, country), orders(id, user_id, amount_cents). Question: Which 5 users have spent the most total?","SELECT u.id, u.email, SUM(o.amount_cents) / 100.0 AS total_spent FROM users u JOIN orders o ON o.user_id = u.id GROUP BY u.id, u.email ORDER BY total_spent DESC LIMIT 5;"
"Schema: users(id, email, country), orders(id, user_id, amount_cents). Question: How many users have never placed an order?","SELECT COUNT(*) FROM users u WHERE NOT EXISTS (SELECT 1 FROM orders o WHERE o.user_id = u.id);"
"Schema: subscriptions(id, user_id, plan, status, started_at, ended_at). Question: How many active subscriptions do we have on the 'pro' plan?","SELECT COUNT(*) FROM subscriptions WHERE plan = 'pro' AND status = 'active';"
"Schema: subscriptions(id, user_id, plan, status, started_at, ended_at). Question: What's the average subscription length in days for cancelled subscriptions?","SELECT AVG(EXTRACT(EPOCH FROM (ended_at - started_at)) / 86400) AS avg_days FROM subscriptions WHERE status = 'cancelled' AND ended_at IS NOT NULL;"
"Schema: subscriptions(id, user_id, plan, status, started_at, ended_at). Question: How many subscriptions started yesterday?","SELECT COUNT(*) FROM subscriptions WHERE started_at::date = CURRENT_DATE - INTERVAL '1 day';"
"Schema: events(id, user_id, event_type, occurred_at, properties_json). Question: How many 'login' events happened last week?","SELECT COUNT(*) FROM events WHERE event_type = 'login' AND occurred_at >= date_trunc('week', CURRENT_DATE - INTERVAL '1 week') AND occurred_at < date_trunc('week', CURRENT_DATE);"
"Schema: events(id, user_id, event_type, occurred_at). Question: Which users were the 10 most active in the past 7 days?","SELECT user_id, COUNT(*) AS event_count FROM events WHERE occurred_at >= CURRENT_DATE - INTERVAL '7 days' GROUP BY user_id ORDER BY event_count DESC LIMIT 10;"
"Schema: events(id, user_id, event_type, occurred_at). Question: What's the daily event count for the past 14 days?","SELECT occurred_at::date AS day, COUNT(*) AS events FROM events WHERE occurred_at >= CURRENT_DATE - INTERVAL '14 days' GROUP BY day ORDER BY day;"
"Schema: products(id, sku, name, price_cents, category, in_stock). Question: List all out-of-stock products in the 'apparel' category.","SELECT id, sku, name FROM products WHERE category = 'apparel' AND in_stock = FALSE;"
"Schema: products(id, sku, name, price_cents, category, in_stock). Question: What's the most expensive product in each category?","SELECT category, name, price_cents / 100.0 AS price FROM (SELECT category, name, price_cents, ROW_NUMBER() OVER (PARTITION BY category ORDER BY price_cents DESC) AS rn FROM products WHERE in_stock = TRUE) ranked WHERE rn = 1;"
"Schema: products(id, sku, name, price_cents). Question: Average product price?","SELECT AVG(price_cents) / 100.0 AS avg_price FROM products;"
"Schema: orders(id, user_id, amount_cents, placed_at), users(id, country). Question: Revenue by country for last quarter.","SELECT u.country, SUM(o.amount_cents) / 100.0 AS revenue FROM orders o JOIN users u ON u.id = o.user_id WHERE o.placed_at >= date_trunc('quarter', CURRENT_DATE - INTERVAL '3 months') AND o.placed_at < date_trunc('quarter', CURRENT_DATE) GROUP BY u.country ORDER BY revenue DESC;"
"Schema: orders(id, user_id, placed_at), subscriptions(id, user_id, plan). Question: How many orders were placed by users on the enterprise plan?","SELECT COUNT(o.id) FROM orders o JOIN subscriptions s ON s.user_id = o.user_id WHERE s.plan = 'enterprise' AND s.status = 'active';"
"Schema: support_tickets(id, user_id, opened_at, closed_at, priority). Question: Median time-to-close for P1 tickets in the last 30 days.","SELECT PERCENTILE_CONT(0.5) WITHIN GROUP (ORDER BY EXTRACT(EPOCH FROM (closed_at - opened_at))) AS median_seconds FROM support_tickets WHERE priority = 'P1' AND closed_at IS NOT NULL AND opened_at >= CURRENT_DATE - INTERVAL '30 days';"
"Schema: support_tickets(id, user_id, opened_at, closed_at, priority). Question: How many tickets are still open older than 7 days?","SELECT COUNT(*) FROM support_tickets WHERE closed_at IS NULL AND opened_at < CURRENT_TIMESTAMP - INTERVAL '7 days';"
"Schema: deployments(id, service, environment, deployed_at, status). Question: How many production deploys happened today?","SELECT COUNT(*) FROM deployments WHERE environment = 'production' AND deployed_at::date = CURRENT_DATE;"
"Schema: deployments(id, service, environment, deployed_at, status). Question: Which service had the most failed deploys this month?","SELECT service, COUNT(*) AS failures FROM deployments WHERE status = 'failed' AND deployed_at >= date_trunc('month', CURRENT_DATE) GROUP BY service ORDER BY failures DESC LIMIT 1;"
"Schema: users(id, email, country, created_at). Question: Find duplicate emails (more than one user with the same address).","SELECT email, COUNT(*) AS occurrences FROM users GROUP BY email HAVING COUNT(*) > 1;"
"Schema: users(id, email), orders(id, user_id, amount_cents, placed_at). Question: Customers who haven't ordered in the past 90 days.","SELECT u.id, u.email FROM users u LEFT JOIN orders o ON o.user_id = u.id AND o.placed_at >= CURRENT_DATE - INTERVAL '90 days' WHERE o.id IS NULL;"
"Schema: events(id, user_id, event_type, occurred_at). Question: Daily active users (DAU) for yesterday.","SELECT COUNT(DISTINCT user_id) AS dau FROM events WHERE occurred_at::date = CURRENT_DATE - INTERVAL '1 day';"
"Schema: events(id, user_id, event_type, occurred_at). Question: Monthly active users (MAU) for the current month.","SELECT COUNT(DISTINCT user_id) AS mau FROM events WHERE occurred_at >= date_trunc('month', CURRENT_DATE);"
"Schema: orders(id, user_id, amount_cents, currency). Question: Total revenue in EUR.","SELECT SUM(amount_cents) / 100.0 AS revenue_eur FROM orders WHERE currency = 'EUR';"
"Schema: orders(id, user_id, amount_cents, placed_at, status). Question: Refund rate (percentage) over the last 30 days.","SELECT 100.0 * SUM(CASE WHEN status = 'refunded' THEN 1 ELSE 0 END) / COUNT(*) AS refund_rate_pct FROM orders WHERE placed_at >= CURRENT_DATE - INTERVAL '30 days';"
"Schema: users(id, email, signup_source). Question: Users by signup source.","SELECT signup_source, COUNT(*) AS users FROM users GROUP BY signup_source ORDER BY users DESC;"
"Schema: subscriptions(id, user_id, plan, started_at, ended_at). Question: Churn count last month (subscriptions that ended in the last month).","SELECT COUNT(*) AS churned FROM subscriptions WHERE ended_at >= date_trunc('month', CURRENT_DATE - INTERVAL '1 month') AND ended_at < date_trunc('month', CURRENT_DATE);"
"Schema: subscriptions(id, user_id, plan, started_at, ended_at). Question: Net new subscriptions this week (starts minus ends).","SELECT (SELECT COUNT(*) FROM subscriptions WHERE started_at >= date_trunc('week', CURRENT_DATE)) - (SELECT COUNT(*) FROM subscriptions WHERE ended_at >= date_trunc('week', CURRENT_DATE)) AS net_new;"
"Schema: products(id, name, price_cents, category). Question: How many products are in each category?","SELECT category, COUNT(*) AS product_count FROM products GROUP BY category ORDER BY product_count DESC;"
"Schema: orders(id, user_id, amount_cents, placed_at). Question: Average order value (AOV) for last month.","SELECT AVG(amount_cents) / 100.0 AS aov FROM orders WHERE placed_at >= date_trunc('month', CURRENT_DATE - INTERVAL '1 month') AND placed_at < date_trunc('month', CURRENT_DATE);"
"Schema: events(id, user_id, event_type). Question: Top 5 event types overall.","SELECT event_type, COUNT(*) AS count FROM events GROUP BY event_type ORDER BY count DESC LIMIT 5;"
"Schema: users(id, email, country, created_at). Question: Signups per day for the past 7 days.","SELECT created_at::date AS day, COUNT(*) AS signups FROM users WHERE created_at >= CURRENT_DATE - INTERVAL '7 days' GROUP BY day ORDER BY day;"
