draft,rewrite
"k looking at it","Hey — taking a look now. I'll have an update within the hour."
"its broken on our side, working on it","We're seeing the issue on our end and have engineers on it now. I'll share a fix ETA shortly."
"the API is returning 500 because of a misconfig in nginx upstream pool. fix in flight, ETA 30min","Quick update: the API was returning errors because of a config issue on our load balancer. Fix is on the way — expecting things back to normal in about 30 minutes."
"cant repro lol can u send a HAR","Thanks for flagging. I'm not able to reproduce this on my end — could you share a HAR file so I can dig into the request details?"
"will fix in next sprint","Got it — I've added this to next sprint's backlog. I'll follow up here once a fix lands."
"ur usage is over 100% u need to upgrade or it will throttle","Heads up: your account is over its current usage limit, which means new requests may start to get throttled. Let me know if you'd like to talk through an upgrade or if there's anything I can help with in the meantime."
"we dont support that","Thanks for the question. We don't currently support that workflow, but I'd love to hear more about your use case — it helps us prioritize what to build next."
"ticket closed wontfix","I'm going to close this one out — based on our review, this isn't something we'll be able to address right now. Happy to re-open if anything changes on your end or if there's a related issue you'd like to flag."
"refund processed","Quick note — your refund has been processed and should land in your account in 3–5 business days. Let me know if anything looks off."
"sla breach incoming, ack pls","Heads up: we're approaching the SLA window on this one. Could you confirm receipt so I can route the right way? Thanks."
"the new feature is live u can find it in settings > integrations > new","Quick heads up — the new feature is live! You'll find it under Settings → Integrations → New. Let me know if you'd like a quick walkthrough."
"dont have an ETA","I don't have a firm timeline I can share yet, but I'll follow up here as soon as I do."
"k will loop in eng","Thanks — I'll loop in our engineering team and follow up here with what I hear."
"thats user error","I think this might be coming from how the request is configured on your end. Happy to walk through it together — could you share the specific call you're making?"
"upgrade ur browser, chrome 90+ required","One small thing — our dashboard needs Chrome 90 or newer to render correctly. Would you mind updating? Let me know if the issue persists after that."
"hi team need ur dpa signed before friday","Hi all — we need your signed DPA back by Friday to keep things on track. Let me know if there's anything I can clarify or help with in the meantime."
"ill ping when done","I'll let you know here as soon as it's done."
"team this is escalated","Heads up team: I've escalated this one — let's prioritize over standard queue work today."
"unsubscribed u manually","I've gone ahead and unsubscribed you from those emails manually. You should stop receiving them right away — let me know if any slip through."
"@channel deploy at 2pm","@channel — quick heads up that we're deploying at 2pm. No expected impact on your end; reach out here if you see anything unusual."
"tbh this is a config thing on ur side","Looking at it more closely, I think this is a configuration setting on your side rather than something on our end. Want to jump on a quick call to walk through it together?"
"on it","Looking into this now — I'll follow up shortly."
"docs are at docs.example.com/foo","You can find the full docs at docs.example.com/foo — let me know if anything in there isn't clear or if you'd like me to walk through a specific part."
"this is fixed in 2.4.1","Good news — this is fixed in version 2.4.1. Once you upgrade, you should be all set. Let me know if you hit any issues during the upgrade."
"k I will rerun the migration","Got it — I'll rerun the migration now. I'll confirm here once it's completed cleanly."
"u need to add cors headers","One thing I noticed — you'll need to add CORS headers on your side for this to work. Happy to share an example if it'd be useful."
"its in beta, expect breakage","Quick heads up: this feature is in beta, so you might run into a few rough edges. We'd love to hear any feedback you have — it directly shapes what makes it to GA."
"thx for the report","Thanks for the report — really helpful. I've passed it along to the right team and will keep you posted."
"sry for the noise","Apologies for the noise — we're tracking this internally and you shouldn't see further alerts on it."
"ill take this offline w/ him","I'll follow up with him directly so we can sort it out without cluttering the thread."
"ETA EOW","I'm aiming to have this wrapped up by end of week — I'll update here if anything changes."
"plz dont reply to this thread, use #support-prod instead","Please flag any follow-ups in #support-prod rather than this thread — it keeps everything together for the on-call team. Thanks!"
"merging now","Merging this in now — I'll confirm here once it's live."
"i need access to prod db","Could you grant me read access to the prod DB? I'm trying to debug a customer issue and the staging snapshot isn't surfacing the row in question."
"customer says its still broken","Heard back from the customer — they're still seeing the issue. Can we take another look together?"
"plz update the runbook","When you get a chance, could you update the runbook with the new steps? Happy to review the diff once you've got something."
"ill grab a coffee and look at it","Stepping away briefly — I'll dig back in within the hour."
"sorry was afk","Apologies — I stepped away from my desk. Catching up on the thread now."
"this is a P0","Marking this as P0 — pulling in the on-call team and standing up an incident channel now."
"yes go ahead","Yes, please go ahead — let me know if you hit anything unexpected and I'll back you up."
